datestamp,name,date_value,code
1960-01-01,美国,541.99,USA
1960-01-01,德国,84.62,DEU
1960-01-01,英国,73.23,GBR
1960-01-01,法国,61.76,FRA
1960-01-01,中国,59.72,CHN
1960-01-01,日本,47.42,JPN
1960-01-01,意大利,42.01,ITA
1960-01-01,加拿大,40.56,CAN
1960-01-01,印度,37.03,IND
1960-01-01,澳大利亚,18.61,AUS
1960-01-01,巴西,17.03,BRA
1960-01-01,瑞典,15.93,SWE
1960-01-01,土耳其,13.98,TUR
1960-01-01,荷兰,13.28,NLD
1960-01-01,墨西哥,13.04,MEX
1960-01-01,西班牙,12.42,ESP
1960-01-01,比利时,11.81,BEL
1960-01-01,瑞士,10.41,CHE
1960-01-01,伊朗,4.2,IRN
1960-01-01,韩国,3.96,KOR
1960-01-01,沙特阿拉伯,1.75,SAU
1961-01-01,美国,561.94,USA
1961-01-01,德国,96.56,DEU
1961-01-01,英国,77.74,GBR
1961-01-01,法国,66.81,FRA
1961-01-01,日本,57.27,JPN
1961-01-01,中国,50.06,CHN
1961-01-01,意大利,46.65,ITA
1961-01-01,加拿大,41.04,CAN
1961-01-01,印度,39.23,IND
1961-01-01,澳大利亚,19.68,AUS
1961-01-01,瑞典,17.33,SWE
1961-01-01,巴西,17.28,BRA
1961-01-01,荷兰,14.6,NLD
1961-01-01,西班牙,14.24,ESP
1961-01-01,墨西哥,14.16,MEX
1961-01-01,比利时,12.56,BEL
1961-01-01,瑞士,11.71,CHE
1961-01-01,土耳其,7.99,TUR
1961-01-01,伊朗,4.43,IRN
1961-01-01,韩国,2.42,KOR
1961-01-01,沙特阿拉伯,1.92,SAU
1962-01-01,美国,603.64,USA
1962-01-01,德国,105.9,DEU
1962-01-01,英国,81.25,GBR
1962-01-01,法国,74.89,FRA
1962-01-01,日本,64.99,JPN
1962-01-01,意大利,52.41,ITA
1962-01-01,中国,47.21,CHN
1962-01-01,加拿大,42.34,CAN
1962-01-01,印度,42.16,IND
1962-01-01,阿根廷,24.45,ARG
1962-01-01,澳大利亚,19.92,AUS
1962-01-01,巴西,19.23,BRA
1962-01-01,瑞典,18.79,SWE
1962-01-01,西班牙,16.61,ESP
1962-01-01,荷兰,15.85,NLD
1962-01-01,墨西哥,15.2,MEX
1962-01-01,比利时,13.44,BEL
1962-01-01,瑞士,12.99,CHE
1962-01-01,土耳其,8.92,TUR
1962-01-01,伊朗,4.69,IRN
1962-01-01,韩国,2.81,KOR
1962-01-01,沙特阿拉伯,2.13,SAU
1963-01-01,美国,637.06,USA
1963-01-01,德国,112.23,DEU
1963-01-01,英国,86.56,GBR
1963-01-01,法国,83.96,FRA
1963-01-01,日本,74.38,JPN
1963-01-01,意大利,60.04,ITA
1963-01-01,中国,50.71,CHN
1963-01-01,印度,48.42,IND
1963-01-01,加拿大,45.14,CAN
1963-01-01,巴西,23.29,BRA
1963-01-01,澳大利亚,21.54,AUS
1963-01-01,瑞典,20.34,SWE
1963-01-01,西班牙,19.63,ESP
1963-01-01,阿根廷,18.27,ARG
1963-01-01,荷兰,17.19,NLD
1963-01-01,墨西哥,16.96,MEX
1963-01-01,比利时,14.45,BEL
1963-01-01,瑞士,14.28,CHE
1963-01-01,土耳其,10.36,TUR
1963-01-01,伊朗,4.93,IRN
1963-01-01,韩国,3.99,KOR
1963-01-01,沙特阿拉伯,2.21,SAU
1964-01-01,美国,684.14,USA
1964-01-01,德国,123.33,DEU
1964-01-01,英国,94.41,GBR
1964-01-01,法国,93.08,FRA
1964-01-01,日本,87.49,JPN
1964-01-01,意大利,65.72,ITA
1964-01-01,中国,59.71,CHN
1964-01-01,印度,56.48,IND
1964-01-01,加拿大,49.5,CAN
1964-01-01,阿根廷,25.61,ARG
1964-01-01,澳大利亚,23.8,AUS
1964-01-01,瑞典,22.69,SWE
1964-01-01,西班牙,21.97,ESP
1964-01-01,巴西,20.96,BRA
1964-01-01,荷兰,20.23,NLD
1964-01-01,墨西哥,20.08,MEX
1964-01-01,比利时,16.17,BEL
1964-01-01,瑞士,15.83,CHE
1964-01-01,土耳其,11.18,TUR
1964-01-01,伊朗,5.38,IRN
1964-01-01,韩国,3.46,KOR
1964-01-01,沙特阿拉伯,2.37,SAU
1965-01-01,美国,741.9,USA
1965-01-01,德国,134.77,DEU
1965-01-01,英国,101.82,GBR
1965-01-01,法国,100.52,FRA
1965-01-01,日本,97.34,JPN
1965-01-01,意大利,70.72,ITA
1965-01-01,中国,70.44,CHN
1965-01-01,印度,59.56,IND
1965-01-01,加拿大,54.65,CAN
1965-01-01,阿根廷,28.34,ARG
1965-01-01,澳大利亚,25.98,AUS
1965-01-01,西班牙,25.48,ESP
1965-01-01,瑞典,24.96,SWE
1965-01-01,荷兰,22.72,NLD
1965-01-01,巴西,22.47,BRA
1965-01-01,墨西哥,21.84,MEX
1965-01-01,比利时,17.6,BEL
1965-01-01,瑞士,16.78,CHE
1965-01-01,土耳其,11.97,TUR
1965-01-01,伊朗,6.2,IRN
1965-01-01,韩国,3.12,KOR
1965-01-01,沙特阿拉伯,2.65,SAU
1966-01-01,美国,813.03,USA
1966-01-01,德国,143.3,DEU
1966-01-01,日本,113.05,JPN
1966-01-01,法国,108.93,FRA
1966-01-01,英国,108.57,GBR
1966-01-01,中国,76.72,CHN
1966-01-01,意大利,76.62,ITA
1966-01-01,加拿大,61.25,CAN
1966-01-01,印度,45.58,IND
1966-01-01,西班牙,29.56,ESP
1966-01-01,阿根廷,28.63,ARG
1966-01-01,巴西,28.28,BRA
1966-01-01,澳大利亚,27.31,AUS
1966-01-01,瑞典,27.16,SWE
1966-01-01,荷兰,24.74,NLD
1966-01-01,墨西哥,24.32,MEX
1966-01-01,比利时,18.89,BEL
1966-01-01,瑞士,18.02,CHE
1966-01-01,土耳其,14.1,TUR
1966-01-01,伊朗,6.79,IRN
1966-01-01,韩国,3.93,KOR
1966-01-01,沙特阿拉伯,2.92,SAU
1967-01-01,美国,859.62,USA
1967-01-01,德国,145.1,DEU
1967-01-01,日本,132.48,JPN
1967-01-01,法国,117.75,FRA
1967-01-01,英国,113.12,GBR
1967-01-01,意大利,84.4,ITA
1967-01-01,中国,72.88,CHN
1967-01-01,加拿大,65.86,CAN
1967-01-01,印度,50.13,IND
1967-01-01,西班牙,32.57,ESP
1967-01-01,巴西,31.09,BRA
1967-01-01,澳大利亚,30.44,AUS
1967-01-01,瑞典,29.48,SWE
1967-01-01,荷兰,27.14,NLD
1967-01-01,墨西哥,26.56,MEX
1967-01-01,阿根廷,24.26,ARG
1967-01-01,比利时,20.25,BEL
1967-01-01,瑞士,19.4,CHE
1967-01-01,土耳其,15.64,TUR
1967-01-01,伊朗,7.56,IRN
1967-01-01,韩国,4.86,KOR
1967-01-01,沙特阿拉伯,3.26,SAU
1968-01-01,美国,940.22,USA
1968-01-01,日本,156.9,JPN
1968-01-01,德国,156.53,DEU
1968-01-01,法国,128.43,FRA
1968-01-01,英国,107.76,GBR
1968-01-01,意大利,91.49,ITA
1968-01-01,加拿大,72.05,CAN
1968-01-01,中国,70.85,CHN
1968-01-01,印度,53.09,IND
1968-01-01,巴西,33.93,BRA
1968-01-01,澳大利亚,32.71,AUS
1968-01-01,西班牙,32.39,ESP
1968-01-01,瑞典,31.28,SWE
1968-01-01,荷兰,30.1,NLD
1968-01-01,墨西哥,29.36,MEX
1968-01-01,阿根廷,26.44,ARG
1968-01-01,比利时,21.65,BEL
1968-01-01,瑞士,20.71,CHE
1968-01-01,土耳其,17.5,TUR
1968-01-01,伊朗,8.62,IRN
1968-01-01,韩国,6.12,KOR
1968-01-01,沙特阿拉伯,4.19,SAU
1969-01-01,美国,1017.44,USA
1969-01-01,日本,184.3,JPN
1969-01-01,德国,177.73,DEU
1969-01-01,法国,140.36,FRA
1969-01-01,英国,116.46,GBR
1969-01-01,意大利,101.0,ITA
1969-01-01,中国,79.71,CHN
1969-01-01,加拿大,79.41,CAN
1969-01-01,印度,58.45,IND
1969-01-01,巴西,37.17,BRA
1969-01-01,西班牙,37.09,ESP
1969-01-01,澳大利亚,36.68,AUS
1969-01-01,荷兰,34.09,NLD
1969-01-01,瑞典,33.97,SWE
1969-01-01,墨西哥,32.48,MEX
1969-01-01,阿根廷,31.26,ARG
1969-01-01,比利时,24.02,BEL
1969-01-01,瑞士,22.44,CHE
1969-01-01,土耳其,19.47,TUR
1969-01-01,伊朗,9.74,IRN
1969-01-01,韩国,7.68,KOR
1969-01-01,沙特阿拉伯,4.49,SAU
1970-01-01,美国,1073.3,USA
1970-01-01,日本,217.22,JPN
1970-01-01,德国,216.63,DEU
1970-01-01,法国,146.93,FRA
1970-01-01,英国,130.67,GBR
1970-01-01,意大利,113.66,ITA
1970-01-01,中国,92.6,CHN
1970-01-01,加拿大,88.19,CAN
1970-01-01,印度,62.42,IND
1970-01-01,巴西,42.33,BRA
1970-01-01,澳大利亚,41.33,AUS
1970-01-01,西班牙,40.96,ESP
1970-01-01,荷兰,38.22,NLD
1970-01-01,瑞典,38.04,SWE
1970-01-01,墨西哥,35.52,MEX
1970-01-01,阿根廷,31.58,ARG
1970-01-01,比利时,26.71,BEL
1970-01-01,瑞士,25.0,CHE
1970-01-01,土耳其,17.86,TUR
1970-01-01,伊朗,10.98,IRN
1970-01-01,韩国,9.01,KOR
1970-01-01,沙特阿拉伯,5.38,SAU
1971-01-01,美国,1164.85,USA
1971-01-01,德国,250.9,DEU
1971-01-01,日本,245.36,JPN
1971-01-01,法国,164.24,FRA
1971-01-01,英国,148.11,GBR
1971-01-01,意大利,124.96,ITA
1971-01-01,中国,99.8,CHN
1971-01-01,加拿大,99.61,CAN
1971-01-01,印度,67.35,IND
1971-01-01,巴西,48.87,BRA
1971-01-01,西班牙,46.59,ESP
1971-01-01,澳大利亚,45.22,AUS
1971-01-01,荷兰,44.64,NLD
1971-01-01,瑞典,41.51,SWE
1971-01-01,墨西哥,39.2,MEX
1971-01-01,阿根廷,33.29,ARG
1971-01-01,瑞士,30.04,CHE
1971-01-01,比利时,29.82,BEL
1971-01-01,土耳其,16.17,TUR
1971-01-01,伊朗,13.73,IRN
1971-01-01,韩国,9.9,KOR
1971-01-01,沙特阿拉伯,7.18,SAU
1972-01-01,美国,1279.11,USA
1972-01-01,日本,324.93,JPN
1972-01-01,德国,300.9,DEU
1972-01-01,法国,201.62,FRA
1972-01-01,英国,169.97,GBR
1972-01-01,意大利,145.59,ITA
1972-01-01,中国,113.69,CHN
1972-01-01,加拿大,113.46,CAN
1972-01-01,印度,71.46,IND
1972-01-01,西班牙,59.09,ESP
1972-01-01,巴西,58.43,BRA
1972-01-01,荷兰,54.79,NLD
1972-01-01,澳大利亚,52.04,AUS
1972-01-01,瑞典,48.88,SWE
1972-01-01,墨西哥,45.2,MEX
1972-01-01,比利时,37.21,BEL
1972-01-01,瑞士,36.84,CHE
1972-01-01,阿根廷,27.79,ARG
1972-01-01,土耳其,20.65,TUR
1972-01-01,伊朗,17.15,IRN
1972-01-01,韩国,10.86,KOR
1972-01-01,沙特阿拉伯,9.66,SAU
1973-01-01,美国,1425.38,USA
1973-01-01,日本,441.46,JPN
1973-01-01,德国,399.83,DEU
1973-01-01,法国,262.34,FRA
1973-01-01,英国,192.54,GBR
1973-01-01,意大利,175.9,ITA
1973-01-01,中国,138.54,CHN
1973-01-01,加拿大,131.76,CAN
1973-01-01,印度,85.52,IND
1973-01-01,巴西,83.59,BRA
1973-01-01,西班牙,78.58,ESP
1973-01-01,荷兰,71.95,NLD
1973-01-01,澳大利亚,63.83,AUS
1973-01-01,瑞典,59.32,SWE
1973-01-01,墨西哥,55.28,MEX
1973-01-01,阿根廷,52.54,ARG
1973-01-01,瑞士,49.55,CHE
1973-01-01,比利时,47.74,BEL
1973-01-01,伊朗,27.08,IRN
1973-01-01,土耳其,26.0,TUR
1973-01-01,沙特阿拉伯,14.95,SAU
1973-01-01,韩国,13.88,KOR
1974-01-01,美国,1545.24,USA
1974-01-01,日本,490.04,JPN
1974-01-01,德国,446.93,DEU
1974-01-01,法国,283.1,FRA
1974-01-01,英国,206.13,GBR
1974-01-01,意大利,200.02,ITA
1974-01-01,加拿大,160.95,CAN
1974-01-01,中国,144.19,CHN
1974-01-01,巴西,109.79,BRA
1974-01-01,印度,99.53,IND
1974-01-01,西班牙,97.2,ESP
1974-01-01,澳大利亚,88.97,AUS
1974-01-01,荷兰,87.37,NLD
1974-01-01,阿根廷,72.44,ARG
1974-01-01,墨西哥,72.0,MEX
1974-01-01,瑞典,65.92,SWE
1974-01-01,瑞士,57.1,CHE
1974-01-01,比利时,56.03,BEL
1974-01-01,伊朗,46.21,IRN
1974-01-01,沙特阿拉伯,45.41,SAU
1974-01-01,土耳其,35.41,TUR
1974-01-01,韩国,19.54,KOR
1975-01-01,美国,1684.9,USA
1975-01-01,日本,532.86,JPN
1975-01-01,德国,492.43,DEU
1975-01-01,法国,356.78,FRA
1975-01-01,英国,241.76,GBR
1975-01-01,意大利,228.22,ITA
1975-01-01,加拿大,174.42,CAN
1975-01-01,中国,163.43,CHN
1975-01-01,巴西,129.2,BRA
1975-01-01,西班牙,114.7,ESP
1975-01-01,荷兰,100.4,NLD
1975-01-01,印度,98.47,IND
1975-01-01,澳大利亚,97.3,AUS
1975-01-01,墨西哥,88.0,MEX
1975-01-01,瑞典,82.77,SWE
1975-01-01,比利时,65.68,BEL
1975-01-01,瑞士,65.47,CHE
1975-01-01,阿根廷,52.44,ARG
1975-01-01,伊朗,51.78,IRN
1975-01-01,沙特阿拉伯,46.77,SAU
1975-01-01,土耳其,46.04,TUR
1975-01-01,韩国,21.78,KOR
1976-01-01,美国,1873.41,USA
1976-01-01,日本,598.88,JPN
1976-01-01,德国,521.66,DEU
1976-01-01,法国,368.49,FRA
1976-01-01,英国,232.61,GBR
1976-01-01,意大利,225.24,ITA
1976-01-01,加拿大,207.27,CAN
1976-01-01,中国,153.94,CHN
1976-01-01,巴西,153.17,BRA
1976-01-01,西班牙,118.42,ESP
1976-01-01,荷兰,109.33,NLD
1976-01-01,澳大利亚,105.06,AUS
1976-01-01,印度,102.72,IND
1976-01-01,瑞典,89.23,SWE
1976-01-01,墨西哥,88.88,MEX
1976-01-01,比利时,71.11,BEL
1976-01-01,瑞士,68.48,CHE
1976-01-01,伊朗,68.06,IRN
1976-01-01,沙特阿拉伯,64.01,SAU
1976-01-01,土耳其,51.45,TUR
1976-01-01,阿根廷,51.17,ARG
1976-01-01,韩国,29.9,KOR
1977-01-01,美国,2081.83,USA
1977-01-01,日本,737.07,JPN
1977-01-01,德国,602.7,DEU
1977-01-01,法国,406.74,FRA
1977-01-01,英国,263.07,GBR
1977-01-01,意大利,258.19,ITA
1977-01-01,加拿大,212.33,CAN
1977-01-01,巴西,176.34,BRA
1977-01-01,中国,174.94,CHN
1977-01-01,西班牙,132.35,ESP
1977-01-01,荷兰,127.2,NLD
1977-01-01,印度,121.49,IND
1977-01-01,澳大利亚,110.35,AUS
1977-01-01,瑞典,94.33,SWE
1977-01-01,比利时,82.84,BEL
1977-01-01,墨西哥,81.91,MEX
1977-01-01,伊朗,80.6,IRN
1977-01-01,沙特阿拉伯,74.19,SAU
1977-01-01,瑞士,73.14,CHE
1977-01-01,土耳其,58.68,TUR
1977-01-01,阿根廷,56.78,ARG
1977-01-01,韩国,38.45,KOR
1978-01-01,美国,2351.6,USA
1978-01-01,日本,1035.61,JPN
1978-01-01,德国,743.18,DEU
1978-01-01,法国,501.72,FRA
1978-01-01,英国,335.88,GBR
1978-01-01,意大利,315.78,ITA
1978-01-01,加拿大,219.37,CAN
1978-01-01,巴西,200.28,BRA
1978-01-01,西班牙,160.48,ESP
1978-01-01,荷兰,156.09,NLD
1978-01-01,中国,149.54,CHN
1978-01-01,印度,137.3,IND
1978-01-01,澳大利亚,118.49,AUS
1978-01-01,瑞典,104.29,SWE
1978-01-01,墨西哥,102.65,MEX
1978-01-01,瑞士,102.28,CHE
1978-01-01,比利时,101.25,BEL
1978-01-01,沙特阿拉伯,80.27,SAU
1978-01-01,伊朗,77.99,IRN
1978-01-01,土耳其,65.91,TUR
1978-01-01,阿根廷,58.08,ARG
1978-01-01,韩国,51.97,KOR
1979-01-01,美国,2627.33,USA
1979-01-01,日本,1077.91,JPN
1979-01-01,德国,884.57,DEU
1979-01-01,法国,608.22,FRA
1979-01-01,英国,438.99,GBR
1979-01-01,意大利,394.58,ITA
1979-01-01,加拿大,243.89,CAN
1979-01-01,巴西,221.34,BRA
1979-01-01,西班牙,214.45,ESP
1979-01-01,荷兰,179.93,NLD
1979-01-01,中国,178.28,CHN
1979-01-01,印度,153.0,IND
1979-01-01,澳大利亚,134.9,AUS
1979-01-01,墨西哥,134.53,MEX
1979-01-01,瑞典,123.21,SWE
1979-01-01,比利时,116.32,BEL
1979-01-01,瑞士,114.97,CHE
1979-01-01,沙特阿拉伯,111.86,SAU
1979-01-01,伊朗,90.39,IRN
1979-01-01,土耳其,89.62,TUR
1979-01-01,阿根廷,69.25,ARG
1979-01-01,韩国,66.95,KOR
1980-01-01,美国,2857.31,USA
1980-01-01,日本,1129.38,JPN
1980-01-01,德国,953.77,DEU
1980-01-01,法国,694.53,FRA
1980-01-01,英国,564.95,GBR
1980-01-01,意大利,478.36,ITA
1980-01-01,加拿大,274.78,CAN
1980-01-01,巴西,237.39,BRA
1980-01-01,西班牙,232.6,ESP
1980-01-01,墨西哥,205.58,MEX
1980-01-01,荷兰,195.44,NLD
1980-01-01,中国,191.15,CHN
1980-01-01,印度,186.33,IND
1980-01-01,沙特阿拉伯,164.54,SAU
1980-01-01,澳大利亚,149.99,AUS
1980-01-01,瑞典,141.89,SWE
1980-01-01,比利时,126.83,BEL
1980-01-01,瑞士,122.56,CHE
1980-01-01,伊朗,94.36,IRN
1980-01-01,阿根廷,76.96,ARG
1980-01-01,土耳其,68.82,TUR
1980-01-01,韩国,65.4,KOR
1981-01-01,美国,3207.04,USA
1981-01-01,日本,1245.22,JPN
1981-01-01,德国,803.4,DEU
1981-01-01,法国,609.18,FRA
1981-01-01,英国,540.77,GBR
1981-01-01,意大利,431.7,ITA
1981-01-01,加拿大,307.25,CAN
1981-01-01,墨西哥,263.8,MEX
1981-01-01,巴西,258.02,BRA
1981-01-01,西班牙,202.66,ESP
1981-01-01,中国,195.87,CHN
1981-01-01,印度,193.49,IND
1981-01-01,沙特阿拉伯,184.29,SAU
1981-01-01,澳大利亚,176.9,AUS
1981-01-01,荷兰,164.38,NLD
1981-01-01,瑞典,129.5,SWE
1981-01-01,瑞士,112.24,CHE
1981-01-01,比利时,104.73,BEL
1981-01-01,伊朗,100.5,IRN
1981-01-01,阿根廷,78.68,ARG
1981-01-01,韩国,72.93,KOR
1981-01-01,土耳其,71.18,TUR
1982-01-01,美国,3343.79,USA
1982-01-01,日本,1158.73,JPN
1982-01-01,德国,779.42,DEU
1982-01-01,法国,578.15,FRA
1982-01-01,英国,515.05,GBR
1982-01-01,意大利,428.26,ITA
1982-01-01,加拿大,314.65,CAN
1982-01-01,巴西,271.31,BRA
1982-01-01,中国,205.09,CHN
1982-01-01,印度,200.72,IND
1982-01-01,西班牙,195.86,ESP
1982-01-01,澳大利亚,194.04,AUS
1982-01-01,墨西哥,184.6,MEX
1982-01-01,荷兰,158.71,NLD
1982-01-01,沙特阿拉伯,153.24,SAU
1982-01-01,伊朗,125.95,IRN
1982-01-01,瑞士,115.04,CHE
1982-01-01,瑞典,114.22,SWE
1982-01-01,比利时,92.1,BEL
1982-01-01,阿根廷,84.31,ARG
1982-01-01,韩国,78.36,KOR
1982-01-01,土耳其,64.37,TUR
1983-01-01,美国,3634.04,USA
1983-01-01,日本,1270.86,JPN
1983-01-01,德国,773.51,DEU
1983-01-01,法国,553.36,FRA
1983-01-01,英国,489.62,GBR
1983-01-01,意大利,444.06,ITA
1983-01-01,加拿大,341.87,CAN
1983-01-01,中国,230.69,CHN
1983-01-01,印度,218.26,IND
1983-01-01,巴西,189.66,BRA
1983-01-01,澳大利亚,177.27,AUS
1983-01-01,西班牙,170.83,ESP
1983-01-01,伊朗,156.37,IRN
1983-01-01,墨西哥,156.17,MEX
1983-01-01,荷兰,153.67,NLD
1983-01-01,沙特阿拉伯,129.17,SAU
1983-01-01,瑞士,114.63,CHE
1983-01-01,瑞典,104.86,SWE
1983-01-01,阿根廷,103.98,ARG
1983-01-01,韩国,87.76,KOR
1983-01-01,比利时,87.18,BEL
1983-01-01,土耳其,61.8,TUR
1984-01-01,美国,4037.61,USA
1984-01-01,日本,1345.82,JPN
1984-01-01,德国,727.77,DEU
1984-01-01,法国,525.03,FRA
1984-01-01,英国,461.49,GBR
1984-01-01,意大利,438.9,ITA
1984-01-01,加拿大,356.72,CAN
1984-01-01,中国,259.95,CHN
1984-01-01,印度,212.16,IND
1984-01-01,澳大利亚,193.53,AUS
1984-01-01,巴西,188.34,BRA
1984-01-01,墨西哥,184.23,MEX
1984-01-01,西班牙,171.98,ESP
1984-01-01,伊朗,162.28,IRN
1984-01-01,荷兰,144.12,NLD
1984-01-01,沙特阿拉伯,119.62,SAU
1984-01-01,瑞士,109.46,CHE
1984-01-01,瑞典,109.04,SWE
1984-01-01,韩国,97.51,KOR
1984-01-01,比利时,83.35,BEL
1984-01-01,阿根廷,79.09,ARG
1984-01-01,土耳其,59.94,TUR
1985-01-01,美国,4338.98,USA
1985-01-01,日本,1427.02,JPN
1985-01-01,德国,735.22,DEU
1985-01-01,法国,547.22,FRA
1985-01-01,英国,489.29,GBR
1985-01-01,意大利,453.26,ITA
1985-01-01,加拿大,366.19,CAN
1985-01-01,中国,309.49,CHN
1985-01-01,印度,232.51,IND
1985-01-01,巴西,210.88,BRA
1985-01-01,墨西哥,195.24,MEX
1985-01-01,西班牙,180.66,ESP
1985-01-01,澳大利亚,180.64,AUS
1985-01-01,伊朗,180.18,IRN
1985-01-01,荷兰,144.06,NLD
1985-01-01,瑞典,113.96,SWE
1985-01-01,瑞士,110.98,CHE
1985-01-01,沙特阿拉伯,103.9,SAU
1985-01-01,韩国,101.3,KOR
1985-01-01,阿根廷,88.15,ARG
1985-01-01,比利时,86.27,BEL
1985-01-01,土耳其,67.23,TUR
1986-01-01,美国,4579.63,USA
1986-01-01,日本,2120.08,JPN
1986-01-01,德国,1050.09,DEU
1986-01-01,法国,764.95,FRA
1986-01-01,意大利,641.86,ITA
1986-01-01,英国,601.45,GBR
1986-01-01,加拿大,379.01,CAN
1986-01-01,中国,300.76,CHN
1986-01-01,巴西,256.48,BRA
1986-01-01,西班牙,251.14,ESP
1986-01-01,印度,248.99,IND
1986-01-01,伊朗,209.09,IRN
1986-01-01,荷兰,201.16,NLD
1986-01-01,澳大利亚,182.48,AUS
1986-01-01,瑞士,159.09,CHE
1986-01-01,瑞典,150.28,SWE
1986-01-01,墨西哥,134.56,MEX
1986-01-01,比利时,120.02,BEL
1986-01-01,韩国,116.84,KOR
1986-01-01,阿根廷,105.87,ARG
1986-01-01,沙特阿拉伯,86.96,SAU
1986-01-01,土耳其,75.67,TUR
1987-01-01,美国,4855.22,USA
1987-01-01,日本,2580.75,JPN
1987-01-01,德国,1302.93,DEU
1987-01-01,法国,926.32,FRA
1987-01-01,意大利,807.57,ITA
1987-01-01,英国,745.16,GBR
1987-01-01,加拿大,433.13,CAN
1987-01-01,西班牙,318.52,ESP
1987-01-01,巴西,283.06,BRA
1987-01-01,印度,279.03,IND
1987-01-01,中国,272.97,CHN
1987-01-01,荷兰,245.41,NLD
1987-01-01,瑞士,199.24,CHE
1987-01-01,澳大利亚,189.5,AUS
1987-01-01,瑞典,182.75,SWE
1987-01-01,比利时,149.39,BEL
1987-01-01,韩国,147.95,KOR
1987-01-01,墨西哥,147.54,MEX
1987-01-01,伊朗,134.01,IRN
1987-01-01,阿根廷,108.81,ARG
1987-01-01,土耳其,87.19,TUR
1987-01-01,沙特阿拉伯,85.7,SAU
1988-01-01,美国,5236.44,USA
1988-01-01,日本,3125.72,JPN
1988-01-01,德国,1406.37,DEU
1988-01-01,法国,1010.83,FRA
1988-01-01,英国,910.12,GBR
1988-01-01,意大利,893.66,ITA
1988-01-01,俄罗斯,554.83,RUS
1988-01-01,加拿大,509.38,CAN
1988-01-01,西班牙,375.89,ESP
1988-01-01,中国,312.35,CHN
1988-01-01,巴西,307.88,BRA
1988-01-01,印度,296.59,IND
1988-01-01,荷兰,262.3,NLD
1988-01-01,澳大利亚,236.16,AUS
1988-01-01,瑞士,215.54,CHE
1988-01-01,瑞典,206.69,SWE
1988-01-01,韩国,199.59,KOR
1988-01-01,墨西哥,181.61,MEX
1988-01-01,比利时,162.3,BEL
1988-01-01,阿根廷,126.89,ARG
1988-01-01,伊朗,123.06,IRN
1988-01-01,土耳其,90.88,TUR
1988-01-01,沙特阿拉伯,88.26,SAU
1989-01-01,美国,5641.58,USA
1989-01-01,日本,3109.46,JPN
1989-01-01,德国,1404.09,DEU
1989-01-01,法国,1016.74,FRA
1989-01-01,意大利,930.8,ITA
1989-01-01,英国,926.88,GBR
1989-01-01,加拿大,567.21,CAN
1989-01-01,俄罗斯,506.63,RUS
1989-01-01,西班牙,414.46,ESP
1989-01-01,巴西,412.99,BRA
1989-01-01,中国,347.77,CHN
1989-01-01,澳大利亚,299.88,AUS
1989-01-01,印度,296.04,IND
1989-01-01,荷兰,258.72,NLD
1989-01-01,韩国,246.93,KOR
1989-01-01,墨西哥,221.4,MEX
1989-01-01,瑞典,217.63,SWE
1989-01-01,瑞士,208.11,CHE
1989-01-01,比利时,164.22,BEL
1989-01-01,伊朗,120.5,IRN
1989-01-01,土耳其,107.13,TUR
1989-01-01,沙特阿拉伯,95.34,SAU
1989-01-01,阿根廷,76.63,ARG
1990-01-01,美国,5963.14,USA
1990-01-01,日本,3185.9,JPN
1990-01-01,德国,1778.16,DEU
1990-01-01,法国,1257.65,FRA
1990-01-01,意大利,1183.95,ITA
1990-01-01,英国,1093.17,GBR
1990-01-01,加拿大,596.08,CAN
1990-01-01,西班牙,536.18,ESP
1990-01-01,俄罗斯,517.01,RUS
1990-01-01,巴西,464.99,BRA
1990-01-01,中国,360.86,CHN
1990-01-01,印度,320.98,IND
1990-01-01,荷兰,318.8,NLD
1990-01-01,澳大利亚,311.43,AUS
1990-01-01,韩国,283.37,KOR
1990-01-01,瑞士,265.76,CHE
1990-01-01,瑞典,261.47,SWE
1990-01-01,墨西哥,261.25,MEX
1990-01-01,比利时,205.33,BEL
1990-01-01,土耳其,150.66,TUR
1990-01-01,阿根廷,141.35,ARG
1990-01-01,伊朗,124.81,IRN
1990-01-01,沙特阿拉伯,117.63,SAU
1991-01-01,美国,6158.13,USA
1991-01-01,日本,3648.07,JPN
1991-01-01,德国,1875.79,DEU
1991-01-01,法国,1258.96,FRA
1991-01-01,意大利,1249.09,ITA
1991-01-01,英国,1142.8,GBR
1991-01-01,加拿大,612.53,CAN
1991-01-01,巴西,602.86,BRA
1991-01-01,西班牙,576.75,ESP
1991-01-01,俄罗斯,517.96,RUS
1991-01-01,中国,383.37,CHN
1991-01-01,韩国,330.65,KOR
1991-01-01,荷兰,327.98,NLD
1991-01-01,澳大利亚,325.98,AUS
1991-01-01,墨西哥,313.14,MEX
1991-01-01,瑞典,273.83,SWE
1991-01-01,印度,270.11,IND
1991-01-01,瑞士,268.9,CHE
1991-01-01,比利时,210.51,BEL
1991-01-01,阿根廷,189.72,ARG
1991-01-01,土耳其,151.03,TUR
1991-01-01,沙特阿拉伯,132.22,SAU
1991-01-01,伊朗,131.64,IRN
1992-01-01,美国,6520.33,USA
1992-01-01,日本,3980.7,JPN
1992-01-01,德国,2141.38,DEU
1992-01-01,法国,1389.66,FRA
1992-01-01,意大利,1323.2,ITA
1992-01-01,英国,1179.66,GBR
1992-01-01,西班牙,630.47,ESP
1992-01-01,加拿大,594.39,CAN
1992-01-01,俄罗斯,460.29,RUS
1992-01-01,中国,426.92,CHN
1992-01-01,荷兰,363.5,NLD
1992-01-01,墨西哥,363.16,MEX
1992-01-01,韩国,355.52,KOR
1992-01-01,巴西,328.19,BRA
1992-01-01,澳大利亚,325.53,AUS
1992-01-01,印度,288.21,IND
1992-01-01,瑞典,283.91,SWE
1992-01-01,瑞士,279.92,CHE
1992-01-01,比利时,234.78,BEL
1992-01-01,阿根廷,228.78,ARG
1992-01-01,土耳其,159.1,TUR
1992-01-01,沙特阿拉伯,137.09,SAU
1992-01-01,伊朗,119.77,IRN
1993-01-01,美国,6858.56,USA
1993-01-01,日本,4536.94,JPN
1993-01-01,德国,2078.95,DEU
1993-01-01,法国,1314.38,FRA
1993-01-01,意大利,1067.41,ITA
1993-01-01,英国,1061.39,GBR
1993-01-01,加拿大,579.05,CAN
1993-01-01,墨西哥,530.16,MEX
1993-01-01,西班牙,524.7,ESP
1993-01-01,中国,444.73,CHN
1993-01-01,俄罗斯,435.08,RUS
1993-01-01,韩国,392.67,KOR
1993-01-01,巴西,368.29,BRA
1993-01-01,荷兰,354.07,NLD
1993-01-01,澳大利亚,312.13,AUS
1993-01-01,印度,279.3,IND
1993-01-01,瑞士,272.24,CHE
1993-01-01,阿根廷,236.74,ARG
1993-01-01,比利时,224.72,BEL
1993-01-01,瑞典,212.65,SWE
1993-01-01,土耳其,180.42,TUR
1993-01-01,沙特阿拉伯,132.97,SAU
1993-01-01,伊朗,63.74,IRN
1994-01-01,美国,7287.24,USA
1994-01-01,日本,4998.8,JPN
1994-01-01,德国,2215.28,DEU
1994-01-01,法国,1385.82,FRA
1994-01-01,英国,1140.49,GBR
1994-01-01,意大利,1101.75,ITA
1994-01-01,加拿大,579.94,CAN
1994-01-01,中国,564.32,CHN
1994-01-01,墨西哥,553.62,MEX
1994-01-01,西班牙,530.18,ESP
1994-01-01,巴西,525.37,BRA
1994-01-01,韩国,463.62,KOR
1994-01-01,俄罗斯,395.08,RUS
1994-01-01,荷兰,379.69,NLD
1994-01-01,印度,327.27,IND
1994-01-01,澳大利亚,322.81,AUS
1994-01-01,瑞士,301.38,CHE
1994-01-01,阿根廷,257.44,ARG
1994-01-01,比利时,244.88,BEL
1994-01-01,瑞典,228.7,SWE
1994-01-01,沙特阿拉伯,135.17,SAU
1994-01-01,土耳其,130.65,TUR
1994-01-01,伊朗,71.84,IRN
1995-01-01,美国,7639.75,USA
1995-01-01,日本,5545.56,JPN
1995-01-01,德国,2593.05,DEU
1995-01-01,法国,1595.22,FRA
1995-01-01,英国,1344.24,GBR
1995-01-01,意大利,1177.37,ITA
1995-01-01,巴西,769.33,BRA
1995-01-01,中国,734.48,CHN
1995-01-01,西班牙,614.17,ESP
1995-01-01,加拿大,605.96,CAN
1995-01-01,韩国,566.58,KOR
1995-01-01,荷兰,452.97,NLD
1995-01-01,俄罗斯,395.54,RUS
1995-01-01,墨西哥,380.16,MEX
1995-01-01,澳大利亚,368.17,AUS
1995-01-01,印度,360.28,IND
1995-01-01,瑞士,352.84,CHE
1995-01-01,比利时,288.03,BEL
1995-01-01,瑞典,267.05,SWE
1995-01-01,阿根廷,258.03,ARG
1995-01-01,土耳其,169.32,TUR
1995-01-01,沙特阿拉伯,143.34,SAU
1995-01-01,伊朗,96.42,IRN
1996-01-01,美国,8073.12,USA
1996-01-01,日本,4923.39,JPN
1996-01-01,德国,2506.58,DEU
1996-01-01,法国,1598.89,FRA
1996-01-01,英国,1419.65,GBR
1996-01-01,意大利,1314.78,ITA
1996-01-01,中国,863.75,CHN
1996-01-01,巴西,850.43,BRA
1996-01-01,西班牙,642.25,ESP
1996-01-01,加拿大,630.61,CAN
1996-01-01,韩国,610.17,KOR
1996-01-01,荷兰,451.37,NLD
1996-01-01,墨西哥,432.16,MEX
1996-01-01,澳大利亚,401.34,AUS
1996-01-01,印度,392.9,IND
1996-01-01,俄罗斯,391.72,RUS
1996-01-01,瑞士,340.1,CHE
1996-01-01,瑞典,291.95,SWE
1996-01-01,比利时,279.2,BEL
1996-01-01,阿根廷,272.15,ARG
1996-01-01,土耳其,181.46,TUR
1996-01-01,沙特阿拉伯,158.66,SAU
1996-01-01,伊朗,120.4,IRN
1997-01-01,美国,8577.55,USA
1997-01-01,日本,4492.45,JPN
1997-01-01,德国,2218.79,DEU
1997-01-01,英国,1560.91,GBR
1997-01-01,法国,1449.39,FRA
1997-01-01,意大利,1244.99,ITA
1997-01-01,中国,961.6,CHN
1997-01-01,巴西,883.21,BRA
1997-01-01,加拿大,654.99,CAN
1997-01-01,西班牙,589.74,ESP
1997-01-01,韩国,569.76,KOR
1997-01-01,墨西哥,523.45,MEX
1997-01-01,澳大利亚,435.64,AUS
1997-01-01,荷兰,417.51,NLD
1997-01-01,印度,415.87,IND
1997-01-01,俄罗斯,404.93,RUS
1997-01-01,瑞士,294.79,CHE
1997-01-01,阿根廷,292.86,ARG
1997-01-01,瑞典,268.25,SWE
1997-01-01,比利时,252.71,BEL
1997-01-01,土耳其,189.88,TUR
1997-01-01,沙特阿拉伯,165.96,SAU
1997-01-01,伊朗,113.92,IRN
1998-01-01,美国,9062.82,USA
1998-01-01,日本,4098.36,JPN
1998-01-01,德国,2247.76,DEU
1998-01-01,英国,1653.69,GBR
1998-01-01,法国,1496.91,FRA
1998-01-01,意大利,1272.73,ITA
1998-01-01,中国,1029.06,CHN
1998-01-01,巴西,863.71,BRA
1998-01-01,加拿大,634.0,CAN
1998-01-01,西班牙,618.73,ESP
1998-01-01,墨西哥,557.46,MEX
1998-01-01,荷兰,438.61,NLD
1998-01-01,印度,421.35,IND
1998-01-01,澳大利亚,399.67,AUS
1998-01-01,韩国,383.33,KOR
1998-01-01,瑞士,303.46,CHE
1998-01-01,阿根廷,298.95,ARG
1998-01-01,土耳其,275.94,TUR
1998-01-01,俄罗斯,270.96,RUS
1998-01-01,瑞典,270.89,SWE
1998-01-01,比利时,258.53,BEL
1998-01-01,沙特阿拉伯,146.78,SAU
1998-01-01,伊朗,110.28,IRN
1999-01-01,美国,9631.17,USA
1999-01-01,日本,4635.98,JPN
1999-01-01,德国,2213.87,DEU
1999-01-01,英国,1687.83,GBR
1999-01-01,法国,1486.92,FRA
1999-01-01,意大利,1255.0,ITA
1999-01-01,中国,1094.0,CHN
1999-01-01,加拿大,678.41,CAN
1999-01-01,西班牙,634.39,ESP
1999-01-01,墨西哥,631.25,MEX
1999-01-01,巴西,599.64,BRA
1999-01-01,韩国,497.51,KOR
1999-01-01,印度,458.82,IND
1999-01-01,荷兰,447.78,NLD
1999-01-01,澳大利亚,389.65,AUS
1999-01-01,瑞士,297.87,CHE
1999-01-01,阿根廷,283.52,ARG
1999-01-01,瑞典,274.32,SWE
1999-01-01,比利时,258.25,BEL
1999-01-01,土耳其,256.4,TUR
1999-01-01,俄罗斯,195.91,RUS
1999-01-01,沙特阿拉伯,161.72,SAU
1999-01-01,伊朗,113.85,IRN
2000-01-01,美国,10250.95,USA
2000-01-01,日本,4968.36,JPN
2000-01-01,德国,1966.98,DEU
2000-01-01,英国,1665.53,GBR
2000-01-01,法国,1360.96,FRA
2000-01-01,中国,1211.33,CHN
2000-01-01,意大利,1149.66,ITA
2000-01-01,加拿大,744.77,CAN
2000-01-01,墨西哥,742.06,MEX
2000-01-01,巴西,655.45,BRA
2000-01-01,西班牙,598.1,ESP
2000-01-01,韩国,576.18,KOR
2000-01-01,印度,468.4,IND
2000-01-01,荷兰,417.65,NLD
2000-01-01,澳大利亚,416.17,AUS
2000-01-01,阿根廷,284.2,ARG
2000-01-01,瑞士,279.22,CHE
2000-01-01,土耳其,274.29,TUR
2000-01-01,瑞典,262.91,SWE
2000-01-01,俄罗斯,259.71,RUS
2000-01-01,比利时,236.79,BEL
2000-01-01,沙特阿拉伯,189.51,SAU
2000-01-01,伊朗,109.59,IRN
2001-01-01,美国,10581.93,USA
2001-01-01,日本,4374.71,JPN
2001-01-01,德国,1966.38,DEU
2001-01-01,英国,1649.83,GBR
2001-01-01,法国,1370.38,FRA
2001-01-01,中国,1339.4,CHN
2001-01-01,意大利,1172.04,ITA
2001-01-01,墨西哥,796.06,MEX
2001-01-01,加拿大,738.98,CAN
2001-01-01,西班牙,627.8,ESP
2001-01-01,巴西,559.98,BRA
2001-01-01,韩国,547.66,KOR
2001-01-01,印度,485.44,IND
2001-01-01,荷兰,432.54,NLD
2001-01-01,澳大利亚,379.63,AUS
2001-01-01,俄罗斯,306.6,RUS
2001-01-01,瑞士,286.58,CHE
2001-01-01,阿根廷,268.7,ARG
2001-01-01,瑞典,242.5,SWE
2001-01-01,比利时,236.75,BEL
2001-01-01,土耳其,201.75,TUR
2001-01-01,沙特阿拉伯,184.14,SAU
2001-01-01,伊朗,126.88,IRN
2002-01-01,美国,10929.11,USA
2002-01-01,日本,4182.85,JPN
2002-01-01,德国,2102.35,DEU
2002-01-01,英国,1785.73,GBR
2002-01-01,法国,1492.43,FRA
2002-01-01,中国,1470.56,CHN
2002-01-01,意大利,1281.75,ITA
2002-01-01,墨西哥,810.67,MEX
2002-01-01,加拿大,760.65,CAN
2002-01-01,西班牙,708.94,ESP
2002-01-01,韩国,627.25,KOR
2002-01-01,印度,514.94,IND
2002-01-01,巴西,509.8,BRA
2002-01-01,荷兰,475.53,NLD
2002-01-01,澳大利亚,395.79,AUS
2002-01-01,俄罗斯,345.47,RUS
2002-01-01,瑞士,309.3,CHE
2002-01-01,瑞典,267.37,SWE
2002-01-01,比利时,258.38,BEL
2002-01-01,土耳其,240.25,TUR
2002-01-01,沙特阿拉伯,189.61,SAU
2002-01-01,伊朗,128.63,IRN
2002-01-01,阿根廷,97.72,ARG
2003-01-01,美国,11456.45,USA
2003-01-01,日本,4519.56,JPN
2003-01-01,德国,2534.72,DEU
2003-01-01,英国,2054.42,GBR
2003-01-01,法国,1835.1,FRA
2003-01-01,中国,1660.28,CHN
2003-01-01,意大利,1582.93,ITA
2003-01-01,西班牙,907.96,ESP
2003-01-01,加拿大,895.54,CAN
2003-01-01,墨西哥,765.55,MEX
2003-01-01,韩国,702.71,KOR
2003-01-01,印度,607.7,IND
2003-01-01,荷兰,582.44,NLD
2003-01-01,巴西,558.23,BRA
2003-01-01,澳大利亚,467.74,AUS
2003-01-01,俄罗斯,430.35,RUS
2003-01-01,瑞士,362.08,CHE
2003-01-01,瑞典,334.07,SWE
2003-01-01,比利时,318.08,BEL
2003-01-01,土耳其,314.6,TUR
2003-01-01,沙特阿拉伯,215.81,SAU
2003-01-01,伊朗,151.91,IRN
2003-01-01,阿根廷,127.59,ARG
2004-01-01,美国,12217.2,USA
2004-01-01,日本,4893.12,JPN
2004-01-01,德国,2852.32,DEU
2004-01-01,英国,2421.53,GBR
2004-01-01,法国,2109.79,FRA
2004-01-01,中国,1955.35,CHN
2004-01-01,意大利,1812.81,ITA
2004-01-01,西班牙,1069.83,ESP
2004-01-01,加拿大,1026.69,CAN
2004-01-01,墨西哥,819.46,MEX
2004-01-01,韩国,793.18,KOR
2004-01-01,印度,709.15,IND
2004-01-01,巴西,669.29,BRA
2004-01-01,荷兰,661.22,NLD
2004-01-01,澳大利亚,614.66,AUS
2004-01-01,俄罗斯,591.02,RUS
2004-01-01,土耳其,408.87,TUR
2004-01-01,瑞士,403.91,CHE
2004-01-01,瑞典,384.55,SWE
2004-01-01,比利时,369.21,BEL
2004-01-01,沙特阿拉伯,258.74,SAU
2004-01-01,伊朗,187.75,IRN
2004-01-01,阿根廷,164.66,ARG
2005-01-01,美国,13039.2,USA
2005-01-01,日本,4831.47,JPN
2005-01-01,德国,2893.39,DEU
2005-01-01,英国,2543.18,GBR
2005-01-01,中国,2285.96,CHN
2005-01-01,法国,2192.15,FRA
2005-01-01,意大利,1864.98,ITA
2005-01-01,加拿大,1173.11,CAN
2005-01-01,西班牙,1154.67,ESP
2005-01-01,韩国,934.9,KOR
2005-01-01,墨西哥,917.57,MEX
2005-01-01,巴西,891.63,BRA
2005-01-01,印度,820.38,IND
2005-01-01,俄罗斯,764.02,RUS
2005-01-01,澳大利亚,695.69,AUS
2005-01-01,荷兰,688.13,NLD
2005-01-01,土耳其,506.31,TUR
2005-01-01,瑞士,418.28,CHE
2005-01-01,瑞典,391.69,SWE
2005-01-01,比利时,385.71,BEL
2005-01-01,沙特阿拉伯,328.46,SAU
2005-01-01,伊朗,224.97,IRN
2005-01-01,阿根廷,198.74,ARG
2006-01-01,美国,13815.58,USA
2006-01-01,日本,4601.66,JPN
2006-01-01,德国,3046.31,DEU
2006-01-01,中国,2752.12,CHN
2006-01-01,英国,2708.44,GBR
2006-01-01,法国,2317.86,FRA
2006-01-01,意大利,1958.56,ITA
2006-01-01,加拿大,1319.26,CAN
2006-01-01,西班牙,1261.85,ESP
2006-01-01,巴西,1107.63,BRA
2006-01-01,韩国,1053.22,KOR
2006-01-01,墨西哥,1020.27,MEX
2006-01-01,俄罗斯,989.93,RUS
2006-01-01,印度,940.26,IND
2006-01-01,澳大利亚,748.42,AUS
2006-01-01,荷兰,737.59,NLD
2006-01-01,土耳其,557.08,TUR
2006-01-01,瑞士,441.63,CHE
2006-01-01,瑞典,422.53,SWE
2006-01-01,比利时,408.26,BEL
2006-01-01,沙特阿拉伯,376.9,SAU
2006-01-01,伊朗,265.6,IRN
2006-01-01,阿根廷,232.56,ARG
2007-01-01,美国,14474.23,USA
2007-01-01,日本,4579.75,JPN
2007-01-01,中国,3550.33,CHN
2007-01-01,德国,3484.06,DEU
2007-01-01,英国,3090.51,GBR
2007-01-01,法国,2655.82,FRA
2007-01-01,意大利,2222.52,ITA
2007-01-01,西班牙,1476.75,ESP
2007-01-01,加拿大,1468.82,CAN
2007-01-01,巴西,1397.11,BRA
2007-01-01,俄罗斯,1299.7,RUS
2007-01-01,印度,1216.74,IND
2007-01-01,韩国,1172.61,KOR
2007-01-01,墨西哥,1102.36,MEX
2007-01-01,澳大利亚,855.01,AUS
2007-01-01,荷兰,853.5,NLD
2007-01-01,土耳其,681.32,TUR
2007-01-01,瑞士,490.74,CHE
2007-01-01,瑞典,490.05,SWE
2007-01-01,比利时,470.92,BEL
2007-01-01,沙特阿拉伯,415.96,SAU
2007-01-01,伊朗,349.74,IRN
2007-01-01,阿根廷,287.53,ARG
2008-01-01,美国,14769.86,USA
2008-01-01,日本,5106.68,JPN
2008-01-01,中国,4594.34,CHN
2008-01-01,德国,3808.79,DEU
2008-01-01,英国,2929.41,GBR
2008-01-01,法国,2926.8,FRA
2008-01-01,意大利,2417.51,ITA
2008-01-01,巴西,1695.86,BRA
2008-01-01,俄罗斯,1660.85,RUS
2008-01-01,西班牙,1636.12,ESP
2008-01-01,加拿大,1552.99,CAN
2008-01-01,印度,1198.9,IND
2008-01-01,墨西哥,1161.55,MEX
2008-01-01,澳大利亚,1056.11,AUS
2008-01-01,韩国,1047.34,KOR
2008-01-01,荷兰,957.9,NLD
2008-01-01,土耳其,770.45,TUR
2008-01-01,瑞士,567.27,CHE
2008-01-01,沙特阿拉伯,519.8,SAU
2008-01-01,比利时,517.33,BEL
2008-01-01,瑞典,514.62,SWE
2008-01-01,伊朗,406.07,IRN
2008-01-01,阿根廷,361.56,ARG
2009-01-01,美国,14478.07,USA
2009-01-01,日本,5289.49,JPN
2009-01-01,中国,5101.69,CHN
2009-01-01,德国,3479.8,DEU
2009-01-01,法国,2700.08,FRA
2009-01-01,英国,2412.84,GBR
2009-01-01,意大利,2209.48,ITA
2009-01-01,巴西,1667.0,BRA
2009-01-01,西班牙,1496.59,ESP
2009-01-01,加拿大,1374.63,CAN
2009-01-01,印度,1341.89,IND
2009-01-01,俄罗斯,1222.65,RUS
2009-01-01,韩国,943.94,KOR
2009-01-01,墨西哥,943.44,MEX
2009-01-01,澳大利亚,928.76,AUS
2009-01-01,荷兰,878.95,NLD
2009-01-01,土耳其,649.29,TUR
2009-01-01,瑞士,554.21,CHE
2009-01-01,比利时,485.01,BEL
2009-01-01,瑞典,434.31,SWE
2009-01-01,沙特阿拉伯,429.1,SAU
2009-01-01,伊朗,414.06,IRN
2009-01-01,阿根廷,332.98,ARG
2010-01-01,美国,15048.97,USA
2010-01-01,中国,6087.19,CHN
2010-01-01,日本,5759.07,JPN
2010-01-01,德国,3468.15,DEU
2010-01-01,法国,2646.23,FRA
2010-01-01,英国,2485.48,GBR
2010-01-01,巴西,2208.84,BRA
2010-01-01,意大利,2144.94,ITA
2010-01-01,印度,1675.62,IND
2010-01-01,加拿大,1617.34,CAN
2010-01-01,俄罗斯,1524.92,RUS
2010-01-01,西班牙,1427.99,ESP
2010-01-01,澳大利亚,1148.84,AUS
2010-01-01,韩国,1143.67,KOR
2010-01-01,墨西哥,1105.42,MEX
2010-01-01,荷兰,852.46,NLD
2010-01-01,土耳其,776.97,TUR
2010-01-01,瑞士,598.85,CHE
2010-01-01,沙特阿拉伯,528.21,SAU
2010-01-01,瑞典,492.75,SWE
2010-01-01,伊朗,487.07,IRN
2010-01-01,比利时,481.56,BEL
2010-01-01,阿根廷,423.63,ARG
2011-01-01,美国,15599.73,USA
2011-01-01,中国,7551.55,CHN
2011-01-01,日本,6233.15,JPN
2011-01-01,德国,3824.83,DEU
2011-01-01,法国,2870.41,FRA
2011-01-01,英国,2663.81,GBR
2011-01-01,巴西,2616.16,BRA
2011-01-01,意大利,2306.97,ITA
2011-01-01,俄罗斯,2045.92,RUS
2011-01-01,印度,1823.05,IND
2011-01-01,加拿大,1793.33,CAN
2011-01-01,西班牙,1487.57,ESP
2011-01-01,澳大利亚,1398.61,AUS
2011-01-01,韩国,1253.29,KOR
2011-01-01,墨西哥,1229.01,MEX
2011-01-01,荷兰,913.14,NLD
2011-01-01,土耳其,838.79,TUR
2011-01-01,瑞士,715.89,CHE
2011-01-01,沙特阿拉伯,676.63,SAU
2011-01-01,伊朗,629.08,IRN
2011-01-01,瑞典,570.54,SWE
2011-01-01,阿根廷,530.16,ARG
2011-01-01,比利时,527.2,BEL
2012-01-01,美国,16253.97,USA
2012-01-01,中国,8532.19,CHN
2012-01-01,日本,6272.36,JPN
2012-01-01,德国,3597.9,DEU
2012-01-01,英国,2707.09,GBR
2012-01-01,法国,2683.01,FRA
2012-01-01,巴西,2465.23,BRA
2012-01-01,俄罗斯,2208.29,RUS
2012-01-01,意大利,2097.93,ITA
2012-01-01,加拿大,1828.37,CAN
2012-01-01,印度,1827.64,IND
2012-01-01,澳大利亚,1547.53,AUS
2012-01-01,西班牙,1330.99,ESP
2012-01-01,韩国,1278.05,KOR
2012-01-01,墨西哥,1255.11,MEX
2012-01-01,土耳其,880.56,TUR
2012-01-01,荷兰,845.69,NLD
2012-01-01,沙特阿拉伯,741.85,SAU
2012-01-01,瑞士,686.42,CHE
2012-01-01,伊朗,644.02,IRN
2012-01-01,瑞典,549.74,SWE
2012-01-01,阿根廷,545.98,ARG
2012-01-01,比利时,498.41,BEL
2013-01-01,美国,16880.68,USA
2013-01-01,中国,9570.47,CHN
2013-01-01,日本,5212.33,JPN
2013-01-01,德国,3808.09,DEU
2013-01-01,法国,2816.08,FRA
2013-01-01,英国,2784.85,GBR
2013-01-01,巴西,2472.82,BRA
2013-01-01,俄罗斯,2292.47,RUS
2013-01-01,意大利,2153.23,ITA
2013-01-01,印度,1856.72,IND
2013-01-01,加拿大,1846.6,CAN
2013-01-01,澳大利亚,1577.12,AUS
2013-01-01,韩国,1370.63,KOR
2013-01-01,西班牙,1362.19,ESP
2013-01-01,墨西哥,1327.44,MEX
2013-01-01,土耳其,957.8,TUR
2013-01-01,荷兰,883.95,NLD
2013-01-01,沙特阿拉伯,753.86,SAU
2013-01-01,瑞士,706.23,CHE
2013-01-01,瑞典,584.13,SWE
2013-01-01,阿根廷,552.03,ARG
2013-01-01,比利时,524.1,BEL
2013-01-01,伊朗,500.4,IRN
2014-01-01,美国,17608.14,USA
2014-01-01,中国,10475.62,CHN
2014-01-01,日本,4896.99,JPN
2014-01-01,德国,3965.8,DEU
2014-01-01,英国,3064.71,GBR
2014-01-01,法国,2861.24,FRA
2014-01-01,巴西,2456.04,BRA
2014-01-01,意大利,2173.26,ITA
2014-01-01,俄罗斯,2059.24,RUS
2014-01-01,印度,2039.13,IND
2014-01-01,加拿大,1805.75,CAN
2014-01-01,韩国,1484.49,KOR
2014-01-01,澳大利亚,1468.27,AUS
2014-01-01,西班牙,1380.24,ESP
2014-01-01,墨西哥,1364.51,MEX
2014-01-01,土耳其,938.93,TUR
2014-01-01,荷兰,901.56,NLD
2014-01-01,沙特阿拉伯,766.61,SAU
2014-01-01,瑞士,726.54,CHE
2014-01-01,瑞典,577.73,SWE
2014-01-01,比利时,537.99,BEL
2014-01-01,阿根廷,526.32,ARG
2014-01-01,伊朗,462.28,IRN
2015-01-01,美国,18295.02,USA
2015-01-01,中国,11061.57,CHN
2015-01-01,日本,4444.93,JPN
2015-01-01,德国,3423.57,DEU
2015-01-01,英国,2927.91,GBR
2015-01-01,法国,2442.48,FRA
2015-01-01,印度,2103.59,IND
2015-01-01,意大利,1845.43,ITA
2015-01-01,巴西,1802.21,BRA
2015-01-01,加拿大,1556.51,CAN
2015-01-01,韩国,1466.04,KOR
2015-01-01,俄罗斯,1363.48,RUS
2015-01-01,澳大利亚,1351.3,AUS
2015-01-01,墨西哥,1213.29,MEX
2015-01-01,西班牙,1206.16,ESP
2015-01-01,土耳其,864.31,TUR
2015-01-01,荷兰,775.74,NLD
2015-01-01,瑞士,694.12,CHE
2015-01-01,沙特阿拉伯,669.48,SAU
2015-01-01,阿根廷,594.75,ARG
2015-01-01,瑞典,501.7,SWE
2015-01-01,比利时,461.04,BEL
2015-01-01,伊朗,409.19,IRN
2016-01-01,美国,18804.91,USA
2016-01-01,中国,11233.31,CHN
2016-01-01,日本,5003.68,JPN
2016-01-01,德国,3537.78,DEU
2016-01-01,英国,2689.11,GBR
2016-01-01,法国,2470.41,FRA
2016-01-01,印度,2294.8,IND
2016-01-01,意大利,1887.11,ITA
2016-01-01,巴西,1795.69,BRA
2016-01-01,加拿大,1527.99,CAN
2016-01-01,韩国,1499.68,KOR
2016-01-01,俄罗斯,1276.79,RUS
2016-01-01,西班牙,1243.02,ESP
2016-01-01,澳大利亚,1206.84,AUS
2016-01-01,墨西哥,1112.23,MEX
2016-01-01,土耳其,869.68,TUR
2016-01-01,荷兰,797.16,NLD
2016-01-01,瑞士,687.9,CHE
2016-01-01,沙特阿拉伯,666.0,SAU
2016-01-01,阿根廷,557.53,ARG
2016-01-01,瑞典,514.22,SWE
2016-01-01,比利时,474.27,BEL
2016-01-01,伊朗,459.04,IRN
2017-01-01,美国,19612.1,USA
2017-01-01,中国,12310.49,CHN
2017-01-01,日本,4930.84,JPN
2017-01-01,德国,3763.09,DEU
2017-01-01,英国,2680.15,GBR
2017-01-01,印度,2651.47,IND
2017-01-01,法国,2588.87,FRA
2017-01-01,巴西,2063.51,BRA
2017-01-01,意大利,1970.72,ITA
2017-01-01,加拿大,1649.27,CAN
2017-01-01,韩国,1623.07,KOR
2017-01-01,俄罗斯,1574.2,RUS
2017-01-01,澳大利亚,1325.58,AUS
2017-01-01,西班牙,1321.75,ESP
2017-01-01,墨西哥,1190.72,MEX
2017-01-01,土耳其,858.99,TUR
2017-01-01,荷兰,848.23,NLD
2017-01-01,沙特阿拉伯,714.99,SAU
2017-01-01,瑞士,695.2,CHE
2017-01-01,阿根廷,643.63,ARG
2017-01-01,瑞典,536.08,SWE
2017-01-01,比利时,500.91,BEL
2017-01-01,伊朗,489.17,IRN
2018-01-01,美国,20656.52,USA
2018-01-01,中国,13894.91,CHN
2018-01-01,日本,5040.88,JPN
2018-01-01,德国,4052.01,DEU
2018-01-01,英国,2871.34,GBR
2018-01-01,法国,2781.58,FRA
2018-01-01,印度,2702.93,IND
2018-01-01,意大利,2099.44,ITA
2018-01-01,巴西,1916.93,BRA
2018-01-01,韩国,1725.37,KOR
2018-01-01,加拿大,1725.33,CAN
2018-01-01,俄罗斯,1657.33,RUS
2018-01-01,西班牙,1431.64,ESP
2018-01-01,澳大利亚,1427.81,AUS
2018-01-01,墨西哥,1256.3,MEX
2018-01-01,荷兰,929.73,NLD
2018-01-01,沙特阿拉伯,846.58,SAU
2018-01-01,土耳其,778.97,TUR
2018-01-01,瑞士,725.57,CHE
2018-01-01,瑞典,551.31,SWE
2018-01-01,比利时,542.64,BEL
2018-01-01,阿根廷,524.82,ARG
2018-01-01,伊朗,398.88,IRN
2019-01-01,美国,21539.98,USA
2019-01-01,中国,14279.97,CHN
2019-01-01,日本,5117.99,JPN
2019-01-01,德国,3957.21,DEU
2019-01-01,英国,2851.41,GBR
2019-01-01,印度,2835.61,IND
2019-01-01,法国,2722.79,FRA
2019-01-01,意大利,2019.61,ITA
2019-01-01,巴西,1873.29,BRA
2019-01-01,加拿大,1743.73,CAN
2019-01-01,俄罗斯,1693.12,RUS
2019-01-01,韩国,1651.42,KOR
2019-01-01,西班牙,1403.5,ESP
2019-01-01,澳大利亚,1392.72,AUS
2019-01-01,墨西哥,1304.11,MEX
2019-01-01,荷兰,928.9,NLD
2019-01-01,沙特阿拉伯,838.56,SAU
2019-01-01,土耳其,761.01,TUR
2019-01-01,瑞士,721.37,CHE
2019-01-01,比利时,536.73,BEL
2019-01-01,瑞典,532.17,SWE
2019-01-01,阿根廷,447.75,ARG
2019-01-01,伊朗,333.52,IRN
2020-01-01,美国,21354.1,USA
2020-01-01,中国,14687.74,CHN
2020-01-01,日本,5055.59,JPN
2020-01-01,德国,3940.14,DEU
2020-01-01,英国,2696.78,GBR
2020-01-01,印度,2674.85,IND
2020-01-01,法国,2647.93,FRA
2020-01-01,意大利,1907.48,ITA
2020-01-01,加拿大,1655.68,CAN
2020-01-01,韩国,1644.31,KOR
2020-01-01,俄罗斯,1493.08,RUS
2020-01-01,巴西,1476.11,BRA
2020-01-01,澳大利亚,1328.41,AUS
2020-01-01,西班牙,1289.78,ESP
2020-01-01,墨西哥,1121.06,MEX
2020-01-01,荷兰,932.56,NLD
2020-01-01,瑞士,742.0,CHE
2020-01-01,沙特阿拉伯,734.27,SAU
2020-01-01,土耳其,720.34,TUR
2020-01-01,瑞典,545.15,SWE
2020-01-01,比利时,529.69,BEL
2020-01-01,阿根廷,385.74,ARG
2020-01-01,伊朗,262.19,IRN
2021-01-01,美国,23681.17,USA
2021-01-01,中国,17820.46,CHN
2021-01-01,日本,5034.62,JPN
2021-01-01,德国,4348.3,DEU
2021-01-01,印度,3167.27,IND
2021-01-01,英国,3143.32,GBR
2021-01-01,法国,2966.43,FRA
2021-01-01,意大利,2179.21,ITA
2021-01-01,加拿大,2007.47,CAN
2021-01-01,俄罗斯,1843.39,RUS
2021-01-01,韩国,1818.43,KOR
2021-01-01,巴西,1670.65,BRA
2021-01-01,澳大利亚,1556.74,AUS
2021-01-01,西班牙,1461.24,ESP
2021-01-01,墨西哥,1316.57,MEX
2021-01-01,荷兰,1054.47,NLD
2021-01-01,沙特阿拉伯,874.16,SAU
2021-01-01,土耳其,819.87,TUR
2021-01-01,瑞士,813.41,CHE
2021-01-01,瑞典,637.19,SWE
2021-01-01,比利时,598.49,BEL
2021-01-01,阿根廷,486.56,ARG
2021-01-01,伊朗,383.44,IRN
2022-01-01,美国,26006.89,USA
2022-01-01,中国,17881.78,CHN
2022-01-01,日本,4256.41,JPN
2022-01-01,德国,4163.6,DEU
2022-01-01,印度,3353.47,IND
2022-01-01,英国,3114.04,GBR
2022-01-01,法国,2796.3,FRA
2022-01-01,俄罗斯,2266.03,RUS
2022-01-01,加拿大,2161.48,CAN
2022-01-01,意大利,2103.0,ITA
2022-01-01,巴西,1951.92,BRA
2022-01-01,澳大利亚,1690.86,AUS
2022-01-01,韩国,1673.92,KOR
2022-01-01,墨西哥,1464.31,MEX
2022-01-01,西班牙,1446.5,ESP
2022-01-01,沙特阿拉伯,1108.57,SAU
2022-01-01,荷兰,1046.54,NLD
2022-01-01,土耳其,907.12,TUR
2022-01-01,瑞士,818.43,CHE
2022-01-01,阿根廷,632.79,ARG
2022-01-01,比利时,593.44,BEL
2022-01-01,瑞典,579.9,SWE
2022-01-01,伊朗,394.36,IRN
2023-01-01,美国,27720.71,USA
2023-01-01,中国,17794.78,CHN
2023-01-01,德国,4525.7,DEU
2023-01-01,日本,4204.49,JPN
2023-01-01,印度,3567.55,IND
2023-01-01,英国,3380.85,GBR
2023-01-01,法国,3051.83,FRA
2023-01-01,意大利,2300.94,ITA
2023-01-01,巴西,2173.67,BRA
2023-01-01,加拿大,2142.47,CAN
2023-01-01,俄罗斯,2021.42,RUS
2023-01-01,墨西哥,1789.11,MEX
2023-01-01,澳大利亚,1728.06,AUS
2023-01-01,韩国,1712.79,KOR
2023-01-01,西班牙,1620.09,ESP
2023-01-01,荷兰,1154.36,NLD
2023-01-01,土耳其,1118.25,TUR
2023-01-01,沙特阿拉伯,1067.58,SAU
2023-01-01,瑞士,884.94,CHE
2023-01-01,阿根廷,646.08,ARG
2023-01-01,比利时,644.78,BEL
2023-01-01,瑞典,584.96,SWE
2023-01-01,伊朗,404.63,IRN
